ID;URL's de las imágenes;Precio Final;Cantidad;Estado;Nombre;Descripción;Categorias;Precio Base;Precio Venta;Cantidad mínima;Nombre de la imagen;Folder
;http://localhost:8888/joyeria/imgtemp/IMG_3121.JPG;;200;1;Juego bvlgari;acero madre perla existente en acero amarillo rosa y plata;1,4;;;;IMG_3121.JPG;acero_20160616
;http://localhost:8888/joyeria/imgtemp/IMG_3122.JPG;;200;1;Pulso Tous;acero existente en acero amarillo rosa y plata;1,4;;;;IMG_3122.JPG;acero_20160617
;http://localhost:8888/joyeria/imgtemp/IMG_3123.JPG;;200;1;Pulso cartier;acero existente en acero amarillo rosa y plata;1,4;;;;IMG_3123.JPG;acero_20160618
;http://localhost:8888/joyeria/imgtemp/IMG_3124.JPG;;200;1;Juego bvlgari;acero existente en acero amarillo rosa y plata;1,4;;;;IMG_3124.JPG;acero_20160619
;http://localhost:8888/joyeria/imgtemp/IMG_3125.JPG;;200;1;Pulso Tous;acero existente en acero amarillo rosa y plata;1,4;;;;IMG_3125.JPG;acero_20160620
;http://localhost:8888/joyeria/imgtemp/IMG_3126.JPG;;200;1;Pulso tiffany;acero con zirconia en acero amarillo rosa y plata;1,4;;;;IMG_3126.JPG;acero_20160621
;http://localhost:8888/joyeria/imgtemp/IMG_3127.JPG;;200;1;Pulso Tous;acero con zirconia en acero amarillo rosa y plata;1,4;;;;IMG_3127.JPG;acero_20160622
;http://localhost:8888/joyeria/imgtemp/IMG_3128.JPG;;200;1;Brazalete Mk;acero existente en acero amarillo rosa y plata;1,4;;;;IMG_3128.JPG;acero_20160623
;http://localhost:8888/joyeria/imgtemp/IMG_3129.JPG;;200;1;Juego bvlgari;acero con zirconia en acero amarillo rosa y plata;1,4;;;;IMG_3129.JPG;acero_20160624
;http://localhost:8888/joyeria/imgtemp/IMG_3130.JPG;;200;1;Pulso bvlgari ;acero con zirconia en acero amarillo rosa y plata;1,4;;;;IMG_3130.JPG;acero_20160625
;http://localhost:8888/joyeria/imgtemp/IMG_3131.JPG;;200;1;Pulso channel marquiz;acero con zirconia en acero amarillo rosa y plata;1,4;;;;IMG_3131.JPG;acero_20160626
;http://localhost:8888/joyeria/imgtemp/IMG_3132.JPG;;200;1;Pulso channel doble cz;acero con zirconia en acero amarillo rosa y plata;1,4;;;;IMG_3132.JPG;acero_20160627
;http://localhost:8888/joyeria/imgtemp/IMG_3133.JPG;;200;1;Juego bvlgari onix 3 cz;acero con zirconia y onix en acero amarillo rosa y plata;1,4;;;;IMG_3133.JPG;acero_20160628
;http://localhost:8888/joyeria/imgtemp/IMG_3134.JPG;;200;1;Pulso tiffany placa ;acero existente en acero amarillo rosa y plata;1,4;;;;IMG_3134.JPG;acero_20160629
;http://localhost:8888/joyeria/imgtemp/IMG_3135.JPG;;200;1;Juego channel zirconia;acero existente en acero amarillo rosa y plata;1,4;;;;IMG_3135.JPG;acero_20160630
;http://localhost:8888/joyeria/imgtemp/IMG_3136.JPG;;200;1;Juego bvlgari zirconia;acero con zirconia en acero amarillo rosa y plata;1,4;;;;IMG_3136.JPG;acero_20160631
;http://localhost:8888/joyeria/imgtemp/IMG_3137.JPG;;200;1;Pulso cartier zirconia;acero existente en acero amarillo rosa y plata;1,4;;;;IMG_3137.JPG;acero_20160632
;http://localhost:8888/joyeria/imgtemp/IMG_3138.JPG;;200;1;Pulso triple tiffany corazon;acero existente en acero amarillo rosa y plata;1,4;;;;IMG_3138.JPG;acero_20160633
;http://localhost:8888/joyeria/imgtemp/IMG_3139.JPG;;200;1;Juego tous marco zirconia;acero existente en acero amarillo rosa y plata;1,4;;;;IMG_3139.JPG;acero_20160634
;http://localhost:8888/joyeria/imgtemp/IMG_3140.JPG;;200;1;Pulso channel num. 5;acero existente en acero amarillo rosa y plata;1,4;;;;IMG_3140.JPG;acero_20160635
;http://localhost:8888/joyeria/imgtemp/IMG_3141.JPG;;200;1;Pulso doble tous;acero existente en acero amarillo rosa y plata;1,4;;;;IMG_3141.JPG;acero_20160636
;http://localhost:8888/joyeria/imgtemp/IMG_3142.JPG;;200;1;Broquel tous ;acero existente en acero amarillo rosa y plata;1,4;;;;IMG_3142.JPG;acero_20160637
;http://localhost:8888/joyeria/imgtemp/IMG_3143.JPG;;200;1;Arete largo channel num. 5;acero existente en acero amarillo rosa y plata;1,4;;;;IMG_3143.JPG;acero_20160638
;http://localhost:8888/joyeria/imgtemp/IMG_3144.JPG;;200;1;Pulso tiffany corazon grueso;acero existente en acero amarillo rosa y plata;1,4;;;;IMG_3144.JPG;acero_20160639
;http://localhost:8888/joyeria/imgtemp/IMG_3145.JPG;;200;1;Broquel bvlgari madre perla ;acero existente en acero amarillo rosa y plata;1,4;;;;IMG_3145.JPG;acero_20160640
;http://localhost:8888/joyeria/imgtemp/IMG_3146.JPG;;200;1;Broquel bvlgari clasico onix ;acero existente en acero amarillo rosa y plata;1,4;;;;IMG_3146.JPG;acero_20160641
;http://localhost:8888/joyeria/imgtemp/IMG_3147.JPG;;200;1;Media arracada cartier;acero existente en acero amarillo rosa y plata;1,4;;;;IMG_3147.JPG;acero_20160642
;http://localhost:8888/joyeria/imgtemp/IMG_3148.JPG;;200;1;Pulso cartier con desarmador;acero existente en acero amarillo rosa y plata;1,4;;;;IMG_3148.JPG;acero_20160643
;http://localhost:8888/joyeria/imgtemp/IMG_3149.JPG;;200;1;Arracada cartier con argolla ;acero existente en acero amarillo rosa y plata;1,4;;;;IMG_3149.JPG;acero_20160644
;http://localhost:8888/joyeria/imgtemp/IMG_3150.JPG;;200;1;Anillo cartier zirconia ;acero existente en acero amarillo rosa y plata;1,4;;;;IMG_3150.JPG;acero_20160645
;http://localhost:8888/joyeria/imgtemp/IMG_3151.JPG;;200;1;Juego cartier zirconia 3 argollas;acero existente en acero amarillo rosa y plata;1,4;;;;IMG_3151.JPG;acero_20160646
;http://localhost:8888/joyeria/imgtemp/IMG_3152.JPG;;200;1;Anillo alianza channel;acero existente en acero amarillo rosa y plata;1,4;;;;IMG_3152.JPG;acero_20160647
;http://localhost:8888/joyeria/imgtemp/IMG_3153.JPG;;200;1;Juego mk con marquiz;acero existente en acero amarillo rosa y plata;1,4;;;;IMG_3153.JPG;acero_20160648
;http://localhost:8888/joyeria/imgtemp/IMG_3154.JPG;;200;1;Juego bvlgari zirconia saliente;acero existente en acero amarillo rosa y plata;1,4;;;;IMG_3154.JPG;acero_20160649
;http://localhost:8888/joyeria/imgtemp/IMG_3155.JPG;;200;1;Anillo alianza tiffany corazon ;acero existente en acero amarillo rosa y plata;1,4;;;;IMG_3155.JPG;acero_20160650
;http://localhost:8888/joyeria/imgtemp/IMG_3156.JPG;;200;1;Juego triple argolla bvlgari;acero existente en acero amarillo rosa y plata;1,4;;;;IMG_3156.JPG;acero_20160651
;http://localhost:8888/joyeria/imgtemp/IMG_3157.JPG;;200;1;Juego gucci corazon ;acero existente en acero amarillo rosa y plata;1,4;;;;IMG_3157.JPG;acero_20160652
;http://localhost:8888/joyeria/imgtemp/IMG_3158.JPG;;200;1;Juego cartier tornillo ;acero existente en acero amarillo rosa y plata;1,4;;;;IMG_3158.JPG;acero_20160653
;http://localhost:8888/joyeria/imgtemp/IMG_3159.JPG;;200;1;Juego channel mo¤o;acero existente en acero amarillo rosa y plata;1,4;;;;IMG_3159.JPG;acero_20160654
;http://localhost:8888/joyeria/imgtemp/IMG_3160.JPG;;200;1;Juego cartier ceramica ;acero existente en acero amarillo rosa y plata;1,4;;;;IMG_3160.JPG;acero_20160655
;http://localhost:8888/joyeria/imgtemp/IMG_3161.JPG;;200;1;Juego tiffany argolla ;acero existente en acero amarillo rosa y plata;1,4;;;;IMG_3161.JPG;acero_20160656
;http://localhost:8888/joyeria/imgtemp/IMG_3162.JPG;;200;1;Juego cuadro tous madre perla;acero existente en acero solo amarillo;1,4;;;;IMG_3162.JPG;acero_20160657
;http://localhost:8888/joyeria/imgtemp/IMG_3163.JPG;;200;1;Juego mk cruz con zirconia;acero existente en acero solo amarillo;1,4;;;;IMG_3163.JPG;acero_20160658
;http://localhost:8888/joyeria/imgtemp/IMG_3164.JPG;;200;1;Media arracada cartier baguette;acero existente en acero amarillo rosa y plata;1,4;;;;IMG_3164.JPG;acero_20160659
;http://localhost:8888/joyeria/imgtemp/IMG_3165.JPG;;200;1;Broquel redondo cartier con lineas;acero existente en acero amarillo rosa y plata;1,4;;;;IMG_3165.JPG;acero_20160660
;http://localhost:8888/joyeria/imgtemp/IMG_3166.JPG;;200;1;Pulso piel acero ferragamo;acero existente en acero amarillo rosa y plata;1,4;;;;IMG_3166.JPG;acero_20160661
;http://localhost:8888/joyeria/imgtemp/IMG_3167.JPG;;200;1;Pulso rolex eslabon clasico ;acero existente solo en amarillo y plata;1,4;;;;IMG_3167.JPG;acero_20160662
;http://localhost:8888/joyeria/imgtemp/IMG_3169.JPG;;200;1;Pulso rolex eslabon clasico ;acero existente solo en amarillo y plata;1,4;;;;IMG_3169.JPG;acero_20160663
;http://localhost:8888/joyeria/imgtemp/IMG_3170.JPG;;200;1;Pulso herradura ferragamo piel ;acero existente solo en amarillo y plata;1,4;;;;IMG_3170.JPG;acero_20160664
;http://localhost:8888/joyeria/imgtemp/IMG_3171.JPG;;200;1;Pulso rolex ancla ;acero existente solo en amarillo y plata;1,4;;;;IMG_3171.JPG;acero_20160665
;http://localhost:8888/joyeria/imgtemp/IMG_3172.JPG;;200;1;Pulso flecha rolex ;acero existente en acero amarillo rosa y plata;1,4;;;;IMG_3172.JPG;acero_20160666
;http://localhost:8888/joyeria/imgtemp/IMG_3173.JPG;;200;1;Pulso herradura ferragamo piel ;acero existente en acero amarillo rosa y plata;1,4;;;;IMG_3173.JPG;acero_20160667
;http://localhost:8888/joyeria/imgtemp/IMG_3174.JPG;;200;1;Pulso flecha rolex ;acero existente en acero amarillo rosa y plata;1,4;;;;IMG_3174.JPG;acero_20160668
;http://localhost:8888/joyeria/imgtemp/IMG_3175.JPG;;200;1;Broquel tiffany dog;acero existente en acero amarillo rosa y plata;1,4;;;;IMG_3175.JPG;acero_20160669
;http://localhost:8888/joyeria/imgtemp/IMG_3176.JPG;;200;1;Juego tous redondo;acero existente en acero solo amarillo;1,4;;;;IMG_3176.JPG;acero_20160670
;http://localhost:8888/joyeria/imgtemp/IMG_3177.JPG;;200;1;Broquel bvlgari colgante zirconia;acero existente en acero amarillo rosa y plata;1,4;;;;IMG_3177.JPG;acero_20160671
;http://localhost:8888/joyeria/imgtemp/IMG_3178.JPG;;200;1;Broquel bvlgari rombo zirconia ;acero existente en acero amarillo rosa y plata;1,4;;;;IMG_3178.JPG;acero_20160672
;http://localhost:8888/joyeria/imgtemp/IMG_3179.JPG;;200;1;Juego tous perla zirconia;acero existente en acero amarillo rosa y plata;1,4;;;;IMG_3179.JPG;acero_20160673
;http://localhost:8888/joyeria/imgtemp/IMG_3180.JPG;;200;1;Arracada channel zirconia;acero existente en acero amarillo rosa y plata;1,4;;;;IMG_3180.JPG;acero_20160674
;http://localhost:8888/joyeria/imgtemp/IMG_3181.JPG;;200;1;Arracada cartier con esmalte;acero existente en acero amarillo rosa y plata;1,4;;;;IMG_3181.JPG;acero_20160675
;http://localhost:8888/joyeria/imgtemp/IMG_3182.JPG;;200;1;Arete tiffany corazon turquesa;acero existente en acero amarillo rosa y plata;1,4;;;;IMG_3182.JPG;acero_20160676
;http://localhost:8888/joyeria/imgtemp/IMG_3183.JPG;;200;1;Broquel bvlgari onix rueda saliente;acero existente en acero amarillo rosa y plata;1,4;;;;IMG_3183.JPG;acero_20160677
;http://localhost:8888/joyeria/imgtemp/IMG_3184.JPG;;200;1;Broquel cartier con esmalte cz;acero existente en acero amarillo rosa y plata;1,4;;;;IMG_3184.JPG;acero_20160678
;http://localhost:8888/joyeria/imgtemp/IMG_3185.JPG;;200;1;Juego channel zirconia;acero existente en acero solo amarillo;1,4;;;;IMG_3185.JPG;acero_20160679
;http://localhost:8888/joyeria/imgtemp/IMG_3186.JPG;;200;1;Broquel llave tiffany;acero existente en acero amarillo rosa y plata;1,4;;;;IMG_3186.JPG;acero_20160680
;http://localhost:8888/joyeria/imgtemp/IMG_3187.JPG;;200;1;Juego mk ;acero existente en acero solo amarillo;1,4;;;;IMG_3187.JPG;acero_20160681
;http://localhost:8888/joyeria/imgtemp/IMG_3188.JPG;;200;1;Huggie mk rombo;acero existente en acero amarillo rosa y plata;1,4;;;;IMG_3188.JPG;acero_20160682
;http://localhost:8888/joyeria/imgtemp/IMG_3189.JPG;;200;1;Broquel bvlgari onix rueda saliente;acero existente en acero amarillo rosa y plata;1,4;;;;IMG_3189.JPG;acero_20160683
;http://localhost:8888/joyeria/imgtemp/IMG_3190.JPG;;200;1;Juego channel oval onix;acero existente en acero amarillo rosa y plata;1,4;;;;IMG_3190.JPG;acero_20160684
;http://localhost:8888/joyeria/imgtemp/IMG_3191.JPG;;200;1;Juego cartier corazon madre perla;acero existente en acero amarillo rosa y plata;1,4;;;;IMG_3191.JPG;acero_20160685
;http://localhost:8888/joyeria/imgtemp/IMG_3192.JPG;;200;1;Juego channel trebol madre perla ;acero existente en acero amarillo rosa y plata;1,4;;;;IMG_3192.JPG;acero_20160686
;http://localhost:8888/joyeria/imgtemp/IMG_3193.JPG;;200;1;Juego cartier corazon onix;acero existente en acero amarillo rosa y plata;1,4;;;;IMG_3193.JPG;acero_20160687
;http://localhost:8888/joyeria/imgtemp/IMG_3194.JPG;;200;1;Juego channel trebol onix;acero existente en acero amarillo rosa y plata;1,4;;;;IMG_3194.JPG;acero_20160688
;http://localhost:8888/joyeria/imgtemp/IMG_3195.JPG;;200;1;Pulso mk placa ;acero existente en acero amarillo rosa y plata;1,4;;;;IMG_3195.JPG;acero_20160689
;http://localhost:8888/joyeria/imgtemp/IMG_3196.JPG;;200;1;Arete channel perla ;acero existente en acero amarillo rosa y plata;1,4;;;;IMG_3196.JPG;acero_20160690
;http://localhost:8888/joyeria/imgtemp/IMG_3197.JPG;;200;1;Juego corazon cartier;acero existente en acero amarillo rosa y plata;1,4;;;;IMG_3197.JPG;acero_20160691
;http://localhost:8888/joyeria/imgtemp/IMG_3198.JPG;;200;1;Pulso tous cristal ;acero existente en acero amarillo rosa y plata;1,4;;;;IMG_3198.JPG;acero_20160692
;http://localhost:8888/joyeria/imgtemp/IMG_3199.JPG;;200;1;Pulso bvlgari zirconia;acero existente en acero amarillo rosa y plata;1,4;;;;IMG_3199.JPG;acero_20160693
;http://localhost:8888/joyeria/imgtemp/IMG_3200.JPG;;200;1;Pulso bvlgari eslabon clasico;acero existente en acero amarillo rosa y plata;1,4;;;;IMG_3200.JPG;acero_20160694
;http://localhost:8888/joyeria/imgtemp/IMG_3201.JPG;;200;1;Pulso mk cuadro zirconia madre perla;acero existente en acero amarillo rosa y plata;1,4;;;;IMG_3201.JPG;acero_20160695
;http://localhost:8888/joyeria/imgtemp/IMG_3202.JPG;;200;1;Pulso mk animal print;acero existente en acero amarillo rosa y plata;1,4;;;;IMG_3202.JPG;acero_20160696
;http://localhost:8888/joyeria/imgtemp/IMG_3203.JPG;;200;1;Pulso mk tradicional;acero existente en acero amarillo rosa y plata;1,4;;;;IMG_3203.JPG;acero_20160697
;http://localhost:8888/joyeria/imgtemp/IMG_3204.JPG;;200;1;Juego bvlgari abanico;acero existente en acero amarillo rosa y plata;1,4;;;;IMG_3204.JPG;acero_20160698
;http://localhost:8888/joyeria/imgtemp/IMG_3205.JPG;;200;1;Pulso channel mo¤o;acero existente en acero amarillo rosa y plata;1,4;;;;IMG_3205.JPG;acero_20160699
;http://localhost:8888/joyeria/imgtemp/IMG_3206.JPG;;200;1;Pulso mk cuadro zirconia onix;acero existente en acero amarillo rosa y plata;1,4;;;;IMG_3206.JPG;acero_20160700
;http://localhost:8888/joyeria/imgtemp/IMG_3207.JPG;;200;1;Arete colgante tiffany;acero existente en acero amarillo rosa y plata;1,4;;;;IMG_3207.JPG;acero_20160701
;http://localhost:8888/joyeria/imgtemp/IMG_3208.JPG;;200;1;Pulso bvlgari clasico zirconia;acero existente en acero amarillo rosa y plata;1,4;;;;IMG_3208.JPG;acero_20160702
;http://localhost:8888/joyeria/imgtemp/IMG_3209.JPG;;200;1;Pulso tiffany corazon zirconia;acero existente en acero amarillo rosa y plata;1,4;;;;IMG_3209.JPG;acero_20160703
;http://localhost:8888/joyeria/imgtemp/IMG_3210.JPG;;200;1;Pulso mk doble animal print;acero existente en acero amarillo rosa y plata;1,4;;;;IMG_3210.JPG;acero_20160704
;http://localhost:8888/joyeria/imgtemp/IMG_3211.JPG;;200;1;Pulso tous delgado madre perla ;acero existente en acero amarillo rosa y plata;1,4;;;;IMG_3211.JPG;acero_20160705
;http://localhost:8888/joyeria/imgtemp/IMG_3214.JPG;;200;1;Juego candado de channel;acero existente solo en amarillo y plata;1,4;;;;IMG_3214.JPG;acero_20160706
;http://localhost:8888/joyeria/imgtemp/IMG_3215.JPG;;200;1;Juego channel clasico ;acero existente solo en amarillo y plata;1,4;;;;IMG_3215.JPG;acero_20160707
;http://localhost:8888/joyeria/imgtemp/IMG_3216.JPG;;200;1;Juego bvlgari zirconia;acero existente en acero amarillo rosa y plata;1,4;;;;IMG_3216.JPG;acero_20160708
;http://localhost:8888/joyeria/imgtemp/IMG_3217.JPG;;200;1;Juego channel rombo ;acero existente en acero amarillo rosa y plata;1,4;;;;IMG_3217.JPG;acero_20160709
;http://localhost:8888/joyeria/imgtemp/IMG_3218.JPG;;200;1;Pulso tous delgado onix;acero existente en acero amarillo rosa y plata;1,4;;;;IMG_3218.JPG;acero_20160710
;http://localhost:8888/joyeria/imgtemp/IMG_3219.JPG;;200;1;Anillo tornillo de cartier;acero existente en acero amarillo rosa y plata;1,4;;;;IMG_3219.JPG;acero_20160711
;http://localhost:8888/joyeria/imgtemp/IMG_3220.JPG;;200;1;Juego tous madre perla y onix;acero existente en acero amarillo rosa y plata;1,4;;;;IMG_3220.JPG;acero_20160712
;http://localhost:8888/joyeria/imgtemp/IMG_3221.JPG;;200;1;Juego mk candado ;acero existente en acero solo amarillo;1,4;;;;IMG_3221.JPG;acero_20160713
;http://localhost:8888/joyeria/imgtemp/IMG_3222.JPG;;200;1;Juego bvlgari esposas;acero existente en acero solo amarillo;1,4;;;;IMG_3222.JPG;acero_20160714
;http://localhost:8888/joyeria/imgtemp/IMG_3223.JPG;;200;1;Juego channel czirconia colgante;acero existente en acero amarillo rosa y plata;1,4;;;;IMG_3223.JPG;acero_20160715
;http://localhost:8888/joyeria/imgtemp/IMG_3224.JPG;;200;1;Juego bvlgari onix 3 cz;acero existente solo en amarillo y plata;1,4;;;;IMG_3224.JPG;acero_20160716
;http://localhost:8888/joyeria/imgtemp/IMG_3225.JPG;;200;1;Juego bvlgari gota;acero existente solo en amarillo y plata;1,4;;;;IMG_3225.JPG;acero_20160717
;http://localhost:8888/joyeria/imgtemp/IMG_3226.JPG;;200;1;Juego bvlgari B;acero existente solo en amarillo y plata;1,4;;;;IMG_3226.JPG;acero_20160718
;http://localhost:8888/joyeria/imgtemp/IMG_3227.JPG;;200;1;Juego bvlgari doble circulo;acero existente solo en amarillo y plata;1,4;;;;IMG_3227.JPG;acero_20160719
;http://localhost:8888/joyeria/imgtemp/IMG_3228.JPG;;200;1;Juego bvlgari oval;acero existente solo en amarillo y plata;1,4;;;;IMG_3228.JPG;acero_20160720
;http://localhost:8888/joyeria/imgtemp/IMG_3229.JPG;;200;1;Juego bvlgari cruz;acero existente en acero solo amarillo;1,4;;;;IMG_3229.JPG;acero_20160721
;http://localhost:8888/joyeria/imgtemp/IMG_3230.JPG;;200;1;Juego bvlgari baguette;acero existente en acero solo amarillo;1,4;;;;IMG_3230.JPG;acero_20160722
;http://localhost:8888/joyeria/imgtemp/IMG_3231.JPG;;200;1;Juego cartier 2 zirconias;acero existente solo en amarillo y plata;1,4;;;;IMG_3231.JPG;acero_20160723
;http://localhost:8888/joyeria/imgtemp/IMG_3232.JPG;;200;1;Juego cartier logo;acero existente solo en amarillo y plata;1,4;;;;IMG_3232.JPG;acero_20160724
;http://localhost:8888/joyeria/imgtemp/IMG_3233.JPG;;200;1;Juego bvulgari redondo zirconia ;acero existente en acero solo amarillo;1,4;;;;IMG_3233.JPG;acero_20160725
;http://localhost:8888/joyeria/imgtemp/IMG_3234.JPG;;200;1;Juego channel zirconia ;acero existente solo en amarillo y plata;1,4;;;;IMG_3234.JPG;acero_20160726
;http://localhost:8888/joyeria/imgtemp/IMG_3235.JPG;;200;1;Juego channel num. 5;acero existente en acero solo amarillo;1,4;;;;IMG_3235.JPG;acero_20160727
;http://localhost:8888/joyeria/imgtemp/IMG_3236.JPG;;200;1;Juego tous 3 osos;acero existente en acero amarillo rosa y plata;1,4;;;;IMG_3236.JPG;acero_20160728
;http://localhost:8888/joyeria/imgtemp/IMG_3237.JPG;;200;1;Pulso channel canal zirconias;acero existente en acero amarillo rosa y plata;1,4;;;;IMG_3237.JPG;acero_20160729
;http://localhost:8888/joyeria/imgtemp/IMG_3238.JPG;;200;1;Pulso clavo de cartier con pasta ;acero existente en acero amarillo rosa y plata;1,4;;;;IMG_3238.JPG;acero_20160730
;http://localhost:8888/joyeria/imgtemp/IMG_3239.JPG;;200;1;Juego cartier sencillo ;acero existente en acero amarillo rosa y plata;1,4;;;;IMG_3239.JPG;acero_20160731
;http://localhost:8888/joyeria/imgtemp/IMG_3240.JPG;;200;1;Arracada mk con zirconias cuadros;acero existente en acero amarillo rosa y plata;1,4;;;;IMG_3240.JPG;acero_20160732
;http://localhost:8888/joyeria/imgtemp/IMG_3241.JPG;;200;1;Arracada cartier tornillo;acero existente en acero amarillo rosa y plata;1,4;;;;IMG_3241.JPG;acero_20160733
;http://localhost:8888/joyeria/imgtemp/IMG_3242.JPG;;200;1;Pulso channel clasico ;acero existente en acero amarillo rosa y plata;1,4;;;;IMG_3242.JPG;acero_20160734
;http://localhost:8888/joyeria/imgtemp/IMG_3243.JPG;;200;1;Pulso tiffany numeros romanos;acero existente en acero amarillo rosa y plata;1,4;;;;IMG_3243.JPG;acero_20160735
;http://localhost:8888/joyeria/imgtemp/IMG_3244.JPG;;200;1;Juego cartier zirconia cambiante;acero existente en acero amarillo rosa y plata;1,4;;;;IMG_3244.JPG;acero_20160736
;http://localhost:8888/joyeria/imgtemp/IMG_3245.JPG;;200;1;Broquel cartier madre perla;acero existente en acero amarillo rosa y plata;1,4;;;;IMG_3245.JPG;acero_20160737
;http://localhost:8888/joyeria/imgtemp/IMG_3246.JPG;;200;1;Broquel bvlgari clasico 8mm ;acero existente en acero amarillo rosa y plata;1,4;;;;IMG_3246.JPG;acero_20160738
;http://localhost:8888/joyeria/imgtemp/IMG_3247.JPG;;200;1;Broquel bvlgari clasico 10mm;acero existente en acero amarillo rosa y plata;1,4;;;;IMG_3247.JPG;acero_20160739
;http://localhost:8888/joyeria/imgtemp/IMG_3248.JPG;;200;1;Arete tiffanny argolla colgante ;acero existente en acero amarillo rosa y plata;1,4;;;;IMG_3248.JPG;acero_20160740
;http://localhost:8888/joyeria/imgtemp/IMG_3249.JPG;;200;1;Arete mo¤o de channel con perla ;acero existente en acero amarillo rosa y plata;1,4;;;;IMG_3249.JPG;acero_20160741
;http://localhost:8888/joyeria/imgtemp/IMG_3250.JPG;;200;1;Arete trebol de channel;acero existente en acero amarillo rosa y plata;1,4;;;;IMG_3250.JPG;acero_20160742
;http://localhost:8888/joyeria/imgtemp/IMG_3251.JPG;;200;1;Broquel bvlgari clasico 6mm;acero existente en acero amarillo rosa y plata;1,4;;;;IMG_3251.JPG;acero_20160743
;http://localhost:8888/joyeria/imgtemp/IMG_3252.JPG;;200;1;Broquel cuadro de channel ;acero existente en acero amarillo rosa y plata;1,4;;;;IMG_3252.JPG;acero_20160744
;http://localhost:8888/joyeria/imgtemp/IMG_3253.JPG;;200;1;Broquel channel rombo;acero existente en acero amarillo rosa y plata;1,4;;;;IMG_3253.JPG;acero_20160745
;http://localhost:8888/joyeria/imgtemp/IMG_3254.JPG;;200;1;Broquel corazon cartier;acero existente en acero amarillo rosa y plata;1,4;;;;IMG_3254.JPG;acero_20160746
;http://localhost:8888/joyeria/imgtemp/IMG_3255.JPG;;200;1;Broquel bvlgari pico;acero existente en acero amarillo rosa y plata;1,4;;;;IMG_3255.JPG;acero_20160747
;http://localhost:8888/joyeria/imgtemp/IMG_3256.JPG;;200;1;Anillo cartier zirconia colgante;acero existente en acero amarillo rosa y plata;1,4;;;;IMG_3256.JPG;acero_20160748
;http://localhost:8888/joyeria/imgtemp/IMG_3257.JPG;;200;1;Juego mk zirconia con onix;acero existente en acero solo amarillo;1,4;;;;IMG_3257.JPG;acero_20160749
;http://localhost:8888/joyeria/imgtemp/IMG_3258.JPG;;200;1;Alianza mk con zirconias;acero existente en acero amarillo rosa y plata;1,4;;;;IMG_3258.JPG;acero_20160750
;http://localhost:8888/joyeria/imgtemp/IMG_3259.JPG;;200;1;Juego tous corazon ;acero existente en acero solo amarillo;1,4;;;;IMG_3259.JPG;acero_20160751
;http://localhost:8888/joyeria/imgtemp/IMG_3260.JPG;;200;1;Juego channel logo ;acero existente en acero plata;1,4;;;;IMG_3260.JPG;acero_20160752
;http://localhost:8888/joyeria/imgtemp/IMG_3261.JPG;;200;1;Juego channel logo ;acero existente en acero solo amarillo;1,4;;;;IMG_3261.JPG;acero_20160753
;http://localhost:8888/joyeria/imgtemp/IMG_3262.JPG;;200;1;Juego mk onix y zirconias;acero existente en acero plata;1,4;;;;IMG_3262.JPG;acero_20160754
;http://localhost:8888/joyeria/imgtemp/IMG_3263.JPG;;200;1;Anillo de mk piel;acero existente en acero amarillo rosa y plata;1,4;;;;IMG_3263.JPG;acero_20160755
;http://localhost:8888/joyeria/imgtemp/IMG_3264.JPG;;200;1;Juego bvlgari alianza ;acero existente en acero plata;1,4;;;;IMG_3264.JPG;acero_20160756
;http://localhost:8888/joyeria/imgtemp/IMG_3265.JPG;;200;1;Anillo de cartier triangulo ;acero existente en acero amarillo rosa y plata;1,4;;;;IMG_3265.JPG;acero_20160757
;http://localhost:8888/joyeria/imgtemp/IMG_3266.JPG;;200;1;Juego channel rombo ;acero existente en acero plata;1,4;;;;IMG_3266.JPG;acero_20160758
;http://localhost:8888/joyeria/imgtemp/IMG_3267.JPG;;200;1;Juego mk placa ;acero existente en acero solo amarillo;1,4;;;;IMG_3267.JPG;acero_20160759
;http://localhost:8888/joyeria/imgtemp/IMG_3268.JPG;;200;1;Juego bvlgari alianza ;acero existente en acero plata;1,4;;;;IMG_3268.JPG;acero_20160760
;http://localhost:8888/joyeria/imgtemp/IMG_3269.JPG;;200;1;Juego channel logo ;acero existente en acero solo amarillo;1,4;;;;IMG_3269.JPG;acero_20160761
;http://localhost:8888/joyeria/imgtemp/IMG_3270.JPG;;200;1;Juego channel rombo bicolor;acero existente en acero bicolor;1,4;;;;IMG_3270.JPG;acero_20160762
;http://localhost:8888/joyeria/imgtemp/IMG_3271.JPG;;200;1;Juego bvlgari flor ;acero existente en acero plata;1,4;;;;IMG_3271.JPG;acero_20160763
;http://localhost:8888/joyeria/imgtemp/IMG_3272.JPG;;200;1;Juego mk placa ;acero existente en acero plata;1,4;;;;IMG_3272.JPG;acero_20160764
;http://localhost:8888/joyeria/imgtemp/IMG_3273.JPG;;200;1;Juego bvlgari flor ;acero existente en acero solo amarillo;1,4;;;;IMG_3273.JPG;acero_20160765
;http://localhost:8888/joyeria/imgtemp/IMG_3274.JPG;;200;1;Juego bvlgari alianza ;acero existente en acero solo amarillo;1,4;;;;IMG_3274.JPG;acero_20160766
;http://localhost:8888/joyeria/imgtemp/IMG_3275.JPG;;200;1;Juego tous 3 tous;acero existente en acero amarillo rosa y plata;1,4;;;;IMG_3275.JPG;acero_20160767
;http://localhost:8888/joyeria/imgtemp/IMG_3276.JPG;;200;1;Juego bvlgari madre perla;acero existente en acero amarillo rosa y plata;1,4;;;;IMG_3276.JPG;acero_20160768
;http://localhost:8888/joyeria/imgtemp/IMG_3277.JPG;;200;1;Juego bvlgari 2 circulos;acero existente en acero amarillo rosa y plata;1,4;;;;IMG_3277.JPG;acero_20160769
;http://localhost:8888/joyeria/imgtemp/IMG_3278.JPG;;200;1;Juego bvlgari clasico zirconias;acero existente en acero amarillo rosa y plata;1,4;;;;IMG_3278.JPG;acero_20160770
;http://localhost:8888/joyeria/imgtemp/IMG_3279.JPG;;200;1;Juego channel perla;acero existente en acero amarillo rosa y plata;1,4;;;;IMG_3279.JPG;acero_20160771
;http://localhost:8888/joyeria/imgtemp/IMG_3280.JPG;;200;1;Juego tous espejo;acero existente en acero amarillo rosa y plata;1,4;;;;IMG_3280.JPG;acero_20160772
;http://localhost:8888/joyeria/imgtemp/IMG_3281.JPG;;200;1;Juego cartier tornillo ;acero existente en acero amarillo rosa y plata;1,4;;;;IMG_3281.JPG;acero_20160773
;http://localhost:8888/joyeria/imgtemp/IMG_3282.JPG;;200;1;Juego channel zirconias;acero existente en acero amarillo rosa y plata;1,4;;;;IMG_3282.JPG;acero_20160774
;http://localhost:8888/joyeria/imgtemp/IMG_3283.JPG;;200;1;Juego channel perlas;acero existente en acero amarillo rosa y plata;1,4;;;;IMG_3283.JPG;acero_20160775
;http://localhost:8888/joyeria/imgtemp/IMG_3284.JPG;;200;1;Juego bvulgari 3 argollas;acero existente en acero amarillo rosa y plata;1,4;;;;IMG_3284.JPG;acero_20160776
;http://localhost:8888/joyeria/imgtemp/IMG_3285.JPG;;200;1;Juego tiffany corazon;acero existente en acero amarillo rosa y plata;1,4;;;;IMG_3285.JPG;acero_20160777
;http://localhost:8888/joyeria/imgtemp/IMG_3286.JPG;;200;1;Arete bvlgari clasico 12mm;acero existente en acero amarillo rosa y plata;1,4;;;;IMG_3286.JPG;acero_20160778
;http://localhost:8888/joyeria/imgtemp/IMG_3287.JPG;;200;1;Broquel tous perla ;acero existente en acero amarillo rosa y plata;1,4;;;;IMG_3287.JPG;acero_20160779
;http://localhost:8888/joyeria/imgtemp/IMG_3288.JPG;;200;1;Broquel tous clasico ;acero existente en acero amarillo rosa y plata;1,4;;;;IMG_3288.JPG;acero_20160780
;http://localhost:8888/joyeria/imgtemp/IMG_3289.JPG;;200;1;Broquel channel zirconia;acero existente en acero amarillo rosa y plata;1,4;;;;IMG_3289.JPG;acero_20160781
;http://localhost:8888/joyeria/imgtemp/IMG_3290.JPG;;200;1;Broquel tous zirconias;acero existente en acero amarillo rosa y plata;1,4;;;;IMG_3290.JPG;acero_20160782
;http://localhost:8888/joyeria/imgtemp/IMG_3291.JPG;;200;1;Juego channel cuadro;acero existente en acero amarillo rosa y plata;1,4;;;;IMG_3291.JPG;acero_20160783
;http://localhost:8888/joyeria/imgtemp/IMG_3292.JPG;;200;1;Broquel cartier tornillo;acero existente en acero amarillo rosa y plata;1,4;;;;IMG_3292.JPG;acero_20160784
;http://localhost:8888/joyeria/imgtemp/IMG_3293.JPG;;200;1;Broquel tous zirconias;acero existente en acero amarillo rosa y plata;1,4;;;;IMG_3293.JPG;acero_20160785
;http://localhost:8888/joyeria/imgtemp/IMG_3294.JPG;;200;1;Broquel bvlagri zirconias colgante;acero existente en acero amarillo rosa y plata;1,4;;;;IMG_3294.JPG;acero_20160786
;http://localhost:8888/joyeria/imgtemp/IMG_3295.JPG;;200;1;Juego cadenas der bvlgari;acero existente en acero amarillo rosa y plata;1,4;;;;IMG_3295.JPG;acero_20160787
;http://localhost:8888/joyeria/imgtemp/IMG_3296.JPG;;200;1;Pulso channel doble zirconias;acero existente en acero amarillo rosa y plata;1,4;;;;IMG_3296.JPG;acero_20160788